"Year","state_fips","state_abbr","state_name","deflator"
2021,"02","AK","Alaska",0.954125639264178
2021,"01","AL","Alabama",1.13543464438187
2021,"05","AR","Arkansas",1.12469492650119
2021,"04","AZ","Arizona",1.03515382385823
2021,"06","CA","California",0.89391068044481
2021,"08","CO","Colorado",0.972620726547683
2021,"09","CT","Connecticut",0.972497763255144
2021,"11","DC","District of Columbia",0.896169770401305
2021,"10","DE","Delaware",1.02629364313717
2021,"12","FL","Florida",0.986212745813527
2021,"13","GA","Georgia",1.04426645502867
2021,"15","HI","Hawaii",0.888786184707545
2021,"19","IA","Iowa",1.11409440836016
2021,"16","ID","Idaho",1.09140518417462
2021,"17","IL","Illinois",0.986884307552626
2021,"18","IN","Indiana",1.08029859453153
2021,"20","KS","Kansas",1.09592644141725
2021,"21","KY","Kentucky",1.12037286008784
2021,"22","LA","Louisiana",1.09422359364913
2021,"25","MA","Massachusetts",0.936934911131724
2021,"24","MD","Maryland",0.942329438371655
2021,"23","ME","Maine",1.02755913602828
2021,"26","MI","Michigan",1.06096292995523
2021,"27","MN","Minnesota",1.01700431209828
2021,"29","MO","Missouri",1.08692107866048
2021,"28","MS","Mississippi",1.15970265223997
2021,"30","MT","Montana",1.09409190371991
2021,"37","NC","North Carolina",1.06655290102389
2021,"38","ND","North Dakota",1.09963821902594
2021,"31","NE","Nebraska",1.08763037969177
2021,"33","NH","New Hampshire",0.974991468824648
2021,"34","NJ","New Jersey",0.915834783405074
2021,"35","NM","New Mexico",1.11315188957533
2021,"32","NV","Nevada",1.04807520987706
2021,"36","NY","New York",0.912516995629044
2021,"39","OH","Ohio",1.08449283692481
2021,"40","OK","Oklahoma",1.11235942557759
2021,"41","OR","Oregon",0.969555943377933
2021,"42","PA","Pennsylvania",1.0404744563521
2021,"44","RI","Rhode Island",0.978990856225403
2021,"45","SC","South Carolina",1.06795390710937
2021,"46","SD","South Dakota",1.11001343116252
2021,"47","TN","Tennessee",1.10381367625145
2021,"48","TX","Texas",1.01621885289216
2021,"49","UT","Utah",1.05738424286001
2021,"51","VA","Virginia",0.977240078570102
2021,"50","VT","Vermont",1.01357172540315
2021,"53","WA","Washington",0.91950640895967
2021,"55","WI","Wisconsin",1.07189178180571
2021,"54","WV","West Virginia",1.09887694775939
2021,"56","WY","Wyoming",1.09250215769176
2022,"02","AK","Alaska",0.980180745329439
2022,"01","AL","Alabama",1.1362732509914
2022,"05","AR","Arkansas",1.15081420104724
2022,"04","AZ","Arizona",1.00037013695067
2022,"06","CA","California",0.888367713163833
2022,"08","CO","Colorado",0.977928161397264
2022,"09","CT","Connecticut",0.941389113776288
2022,"11","DC","District of Columbia",0.887658003124556
2022,"10","DE","Delaware",1.02062686902295
2022,"12","FL","Florida",0.977975980909909
2022,"13","GA","Georgia",1.04465917994254
2022,"15","HI","Hawaii",0.900138621347688
2022,"19","IA","Iowa",1.13178505138304
2022,"16","ID","Idaho",1.08943142573891
2022,"17","IL","Illinois",0.987751876728566
2022,"18","IN","Indiana",1.08832876235253
2022,"20","KS","Kansas",1.11512556313841
2022,"21","KY","Kentucky",1.11868085153986
2022,"22","LA","Louisiana",1.10539987840601
2022,"25","MA","Massachusetts",0.913784438251017
2022,"24","MD","Maryland",0.953016296578671
2022,"23","ME","Maine",0.993068382688832
2022,"26","MI","Michigan",1.06827334978474
2022,"27","MN","Minnesota",1.02600933668496
2022,"29","MO","Missouri",1.09841827768014
2022,"28","MS","Mississippi",1.14513432425624
2022,"30","MT","Montana",1.10909010247993
2022,"37","NC","North Carolina",1.06385242239197
2022,"38","ND","North Dakota",1.12712886464309
2022,"31","NE","Nebraska",1.11266884749761
2022,"33","NH","New Hampshire",0.927566344182768
2022,"34","NJ","New Jersey",0.919388055310385
2022,"35","NM","New Mexico",1.09997690048509
2022,"32","NV","Nevada",1.03816286699057
2022,"36","NY","New York",0.929601294005001
2022,"39","OH","Ohio",1.09274092205479
2022,"40","OK","Oklahoma",1.12624027209965
2022,"41","OR","Oregon",0.938130306299545
2022,"42","PA","Pennsylvania",1.03986856061394
2022,"44","RI","Rhode Island",0.957891106938963
2022,"45","SC","South Carolina",1.07148979941711
2022,"46","SD","South Dakota",1.13792828775931
2022,"47","TN","Tennessee",1.08936021874353
2022,"48","TX","Texas",1.02619885681447
2022,"49","UT","Utah",1.05739542359261
2022,"51","VA","Virginia",0.979902205759865
2022,"50","VT","Vermont",0.990197049212793
2022,"53","WA","Washington",0.908884344467166
2022,"55","WI","Wisconsin",1.08206371191136
2022,"54","WV","West Virginia",1.12162950334246
2022,"56","WY","Wyoming",1.08978760039668
2023,"02","AK","Alaska",0.983139163348572
2023,"01","AL","Alabama",1.11148160497944
2023,"05","AR","Arkansas",1.15596245433948
2023,"04","AZ","Arizona",0.989070768013451
2023,"06","CA","California",0.888249349357352
2023,"08","CO","Colorado",0.986368388865874
2023,"09","CT","Connecticut",0.964422455612457
2023,"11","DC","District of Columbia",0.902494494783582
2023,"10","DE","Delaware",1.0075262208699
2023,"12","FL","Florida",0.966631867919422
2023,"13","GA","Georgia",1.03413685767174
2023,"15","HI","Hawaii",0.920734009152096
2023,"19","IA","Iowa",1.12654477452206
2023,"16","ID","Idaho",1.09379272627837
2023,"17","IL","Illinois",1.01158262101057
2023,"18","IN","Indiana",1.08478694784344
2023,"20","KS","Kansas",1.11154337798033
2023,"21","KY","Kentucky",1.10536322235487
2023,"22","LA","Louisiana",1.13192597204143
2023,"25","MA","Massachusetts",0.923889946229605
2023,"24","MD","Maryland",0.961862165151734
2023,"23","ME","Maine",1.02989793711443
2023,"26","MI","Michigan",1.06175146521702
2023,"27","MN","Minnesota",1.01608461952711
2023,"29","MO","Missouri",1.08977572415597
2023,"28","MS","Mississippi",1.14558035100582
2023,"30","MT","Montana",1.10810691015469
2023,"37","NC","North Carolina",1.06225899998938
2023,"38","ND","North Dakota",1.12902497403243
2023,"31","NE","Nebraska",1.1064884482606
2023,"33","NH","New Hampshire",0.949261948834781
2023,"34","NJ","New Jersey",0.91841701643048
2023,"35","NM","New Mexico",1.10636603013741
2023,"32","NV","Nevada",1.03114044132811
2023,"36","NY","New York",0.929143515507405
2023,"39","OH","Ohio",1.08918224197273
2023,"40","OK","Oklahoma",1.1326824185035
2023,"41","OR","Oregon",0.954918306738858
2023,"42","PA","Pennsylvania",1.02564102564103
2023,"44","RI","Rhode Island",0.986076598430166
2023,"45","SC","South Carolina",1.07322622535604
2023,"46","SD","South Dakota",1.13513820307622
2023,"47","TN","Tennessee",1.08090579905961
2023,"48","TX","Texas",1.02907126318498
2023,"49","UT","Utah",1.05260941874908
2023,"51","VA","Virginia",0.992565683034075
2023,"50","VT","Vermont",1.03482175195323
2023,"53","WA","Washington",0.921132624675301
2023,"55","WI","Wisconsin",1.07414846880136
2023,"54","WV","West Virginia",1.11393307490086
2023,"56","WY","Wyoming",1.10073969707644
